{
  "experiment_info": {
    "input_file": "data/input/results_gemini-2.5-Instruct_semantic_extraction_prompt3_d689d527.json",
    "model_directory": "models/my_model",
    "training_completed": true,
    "best_f1_score": 0.6374309129026111
  },
  "training_config": {
    "model_name": "bert-base-uncased",
    "num_labels": 5,
    "max_length": 71,
    "batch_size": 16,
    "learning_rate": 2e-05,
    "num_epochs": 56,
    "warmup_ratio": 0.1,
    "weight_decay": 0.01,
    "max_grad_norm": 1.0,
    "save_dir": "models/my_model",
    "device": "cuda",
    "save_best_only": true,
    "patience": 3,
    "eval_strategy": "epoch",
    "eval_steps": 500,
    "logging_steps": 100
  },
  "training_history": {
    "train_loss": [
      1.5731959819793702,
      1.2941089948018392,
      1.0411383032798767,
      0.9220059831937154,
      0.8022389054298401,
      0.6578359882036845,
      0.5364393691221873,
      0.43445380926132204,
      0.34046759406725563,
      0.27256494959195454,
      0.21958044568697613,
      0.18093223770459493,
      0.14329975098371506
    ],
    "val_loss": [
      1.5418641567230225,
      1.3630950450897217,
      1.2772510051727295,
      1.1667523384094238,
      1.0369030237197876,
      0.9776368737220764,
      1.0365935564041138,
      1.1450008153915405,
      1.1118102073669434,
      1.1359074115753174,
      1.3839516639709473,
      1.311500906944275,
      1.610814094543457
    ],
    "val_f1": [
      0.329490022172949,
      0.3232323232323232,
      0.3277368277368277,
      0.32996632996632996,
      0.511245437754624,
      0.5636111009245337,
      0.561048890682631,
      0.5784948995958171,
      0.6244948984116359,
      0.6374309129026111,
      0.6058680579420209,
      0.5949067132600581,
      0.5733246982552004
    ],
    "learning_rates": [
      3.5714285714285718e-06,
      7.1428571428571436e-06,
      1.0714285714285714e-05,
      1.4285714285714287e-05,
      1.785714285714286e-05,
      1.9841269841269845e-05,
      1.9444444444444445e-05,
      1.904761904761905e-05,
      1.8650793650793654e-05,
      1.8253968253968254e-05,
      1.785714285714286e-05,
      1.7460317460317463e-05,
      1.7063492063492063e-05
    ]
  },
  "data_stats": {
    "train_examples": 234,
    "val_examples": 3,
    "total_examples": 237,
    "validation_split": 0.012658227848101266
  },
  "model_performance": {
    "best_f1": 0.6374309129026111,
    "total_epochs": 13,
    "final_train_loss": 0.14329975098371506,
    "final_val_loss": 1.610814094543457
  }
}