{
  "experiment_info": {
    "input_file": "data/input/results_meta-llama_Llama-3.3-70B-Instruct_semantic_extraction_prompt4_d689d527.json",
    "model_directory": "models/bert-v1",
    "training_completed": true,
    "best_f1_score": 0.8179481839865694
  },
  "training_config": {
    "model_name": "bert-base-uncased",
    "num_labels": 5,
    "max_length": 123,
    "batch_size": 4,
    "learning_rate": 1.5e-05,
    "num_epochs": 24,
    "warmup_ratio": 0.1,
    "weight_decay": 0.01,
    "max_grad_norm": 1.0,
    "save_dir": "models/bert-v1",
    "device": "cuda",
    "save_best_only": true,
    "patience": 3,
    "eval_strategy": "epoch",
    "eval_steps": 500,
    "logging_steps": 100
  },
  "training_history": {
    "train_loss": [
      1.2527101657607338,
      0.7666765895756809,
      0.6006452224471353,
      0.46450357762250033,
      0.31938046460801905,
      0.22349328263239426,
      0.14126708263700657,
      0.09545552142980424,
      0.06869011152197015,
      0.055557206594808534,
      0.03555003824559125,
      0.031438228843564335,
      0.021588653059337628,
      0.01762131728993898,
      0.016188498501750557,
      0.017903150273063644,
      0.0125544174045155,
      0.009127662017602811
    ],
    "val_loss": [
      0.8456201340470996,
      0.7038432508707047,
      0.6281933209725789,
      0.5896125095231193,
      0.629470628287111,
      0.6507410768951688,
      0.8170891691531453,
      0.78670186655862,
      0.8191865767751422,
      0.8440606785672051,
      0.9357455010925021,
      0.9248011495385852,
      1.0059035697153635,
      1.0331916021449226,
      1.028912529349327,
      1.0521677349294936,
      1.097120510680335,
      1.074042177626065
    ],
    "val_f1": [
      0.6838963505630172,
      0.6918241457963068,
      0.7238658979928133,
      0.7802619197787476,
      0.7874522822214233,
      0.802574221869249,
      0.7917605594147152,
      0.8107654412191919,
      0.8116150255063767,
      0.8121314933277203,
      0.8131438976980723,
      0.814828016464618,
      0.8146851228456367,
      0.8137321940283815,
      0.8179481839865694,
      0.8134314222041592,
      0.8092536448595216,
      0.8130469598138487
    ],
    "learning_rates": [
      6.25e-06,
      1.25e-05,
      1.4583333333333333e-05,
      1.388888888888889e-05,
      1.3194444444444446e-05,
      1.25e-05,
      1.1805555555555557e-05,
      1.111111111111111e-05,
      1.0416666666666666e-05,
      9.722222222222223e-06,
      9.027777777777777e-06,
      8.333333333333334e-06,
      7.63888888888889e-06,
      6.944444444444445e-06,
      6.25e-06,
      5.555555555555555e-06,
      4.861111111111111e-06,
      4.166666666666667e-06
    ]
  },
  "data_stats": {
    "train_examples": 218,
    "val_examples": 55,
    "total_examples": 273,
    "validation_split": 0.20146520146520147
  },
  "model_performance": {
    "best_f1": 0.8179481839865694,
    "total_epochs": 18,
    "final_train_loss": 0.009127662017602811,
    "final_val_loss": 1.074042177626065
  }
}